coiid,ecoclassidPES,mukey
627908,R018XI999CA,460264
631787,R018XY999CA,461127
638252,F018XC201CA,463565
632879,R018XI999CA,461845
638258,F018XC201CA,463566
642739,R018XC999CA,465076
665823,R018XA999CA,471110
627915,R018XI999CA,460266
628350,F018XI200CA,460368
628351,F018XI201CA,460368
632886,R018XY999CA,461846
638266,F018XC201CA,463567
642537,R022AI102CA,464978
642740,R018XC999CA,465077
628355,F018XI200CA,460370
632891,F018XI200CA,461847
639690,R018XE103CA,467467
642538,R022AI102CA,464979
642741,R018XC999CA,465078
665829,R018XA999CA,471112
627923,R018XY999CA,460268
628360,F018XI201CA,460372
632899,F018XI200CA,461848
638282,R018XC999CA,463569
642541,R022AI102CA,464980
642743,,465079
627930,R018XY999CA,460269
628365,R018XI999CA,460374
632907,F018XI200CA,461849
638291,R018XC999CA,463570
642744,R018XC999CA,465080
652439,R018XY999CA,461129
627934,F018XI200CA,460270
628370,F018XI201CA,460376
632913,F018XI200CA,461850
638297,R018XC999CA,463571
642745,R018XC999CA,465081
642876,F018XC201CA,465153
627936,F018XI205CA,460271
628372,F018XI201CA,460378
632921,F018XI200CA,461851
638304,R018XC999CA,463572
642746,R018XC999CA,465082
642877,R018XC999CA,465154
627941,F018XI205CA,460272
628377,F018XI201CA,460380
628377,F018XI201CA,460380
632928,R018XI999CA,461852
638310,R018XC999CA,463573
642552,F022AI202CA,464984
642748,R018XC999CA,465083
627948,F018XI200CA,460273
628382,F018XI201CA,460382
632932,F018XI200CA,461853
638317,R018XC999CA,463574
642750,R018XC999CA,465084
627951,F018XI205CA,460274
628387,F018XI201CA,460384
628387,F018XI201CA,640463
632940,F018XI200CA,461854
638321,R018XC999CA,463575
642752,R018XC999CA,465085
627956,F018XI205CA,460275
628393,F018XI201CA,460386
628393,F018XI201CA,640464
638326,R018XC999CA,463576
627960,F018XI205CA,460276
628399,F018XI201CA,640465
628399,F018XI201CA,640465
638329,R018XC999CA,463577
665869,R018XA999CA,471121
627969,F018XI205CA,460277
628406,R018XI111CA,460390
665874,R018XA999CA,471122
2503604,R018XC101CA,463578
627972,F018XI201CA,460278
628411,R018XI999CA,460392
637526,R018XC105CA,463234
627979,F018XI201CA,460279
628417,F018XI201CA,460394
628417,R018XI999CA,640466
637602,R018XC105CA,463250
627983,F018XI200CA,460280
628423,R018XI999CA,460396
642902,R018XC999CA,465164
642883,R018XC999CA,465157
627987,F018XI201CA,460281
628428,F018XI201CA,460398
632972,R018XY999CA,461861
627992,F018XI201CA,460282
628434,F018XI201CA,460400
651081,R018XA999CA,461205
627996,F018XI201CA,460283
628440,R018XI105CA,460402
642886,R018XC999CA,465158
665901,R018XA999CA,471128
1425345,R018XA999CA,727222
628001,F018XI201CA,460284
628445,R018XI999CA,640467
628446,F018XI202CA,460404
642889,R018XC999CA,465159
628006,R018XI106CA,460285
628450,F018XI201CA,460406
638383,R018XC999CA,463586
665908,R018XA999CA,471130
628012,R018XI999CA,460286
628459,F018XI201CA,460408
638389,R018XC999CA,463587
642891,R018XC999CA,465160
628018,R018XI999CA,460287
628465,R018XI999CA,460410
638394,R018XC999CA,463588
665916,R018XA999CA,471132
628025,R018XI999CA,460288
628468,R018XI999CA,460412
638400,R018XC999CA,463589
628032,R018XI999CA,460289
628471,R018XI999CA,460414
633014,R018XI999CA,461869
638405,R018XC999CA,463590
642899,R018XC999CA,465162
628038,R018XI999CA,460290
2443089,F018XC201CA,463591
628046,R018XI999CA,460291
642966,,465194
665933,R018XA999CA,471136
2443099,F018XC201CA,463592
628050,R018XI999CA,460292
638423,F018XC201CA,463593
628055,F018XI200CA,460293
638429,F018XC201CA,463594
642792,R018XC999CA,465104
628061,F018XI200CA,460294
631855,R018XI999CA,461140
635764,R018XY999CA,1403412
638436,R018XC999CA,463595
665947,R018XA999CA,471139
628064,F018XI205CA,460295
638444,R018XY999CA,463596
628071,F018XI205CA,460296
633059,F018XI208CA,461876
638450,R018XC999CA,463597
642598,F022AG202CA,465008
628076,R018XI106CA,460297
628505,R018XI999CA,460430
638454,R018XC999CA,463598
635766,R018XI999CA,1403414
638458,R018XC999CA,463599
638463,R018XC999CA,463600
628520,R018XI999CA,460436
638469,R018XC999CA,463601
628090,R018XI999CA,460301
628527,R018XI999CA,460438
638475,R018XC999CA,463602
628093,R018XI999CA,460302
638482,R018XC999CA,463603
628097,R018XI999CA,460303
638490,R018XC999CA,463604
628103,R018XI999CA,460304
638498,R018XC999CA,463605
628108,R018XI999CA,460305
628543,R018XI999CA,460446
638505,R018XC999CA,463606
628113,R018XI999CA,460306
638510,R018XC999CA,463607
628118,R018XI999CA,460307
638515,R018XC999CA,463608
628122,R018XI107CA,460308
628555,R018XI999CA,460452
638521,R018XC999CA,463609
642625,F022AG202CA,465020
628127,R018XI107CA,460309
633126,R018XI999CA,461889
638527,R018XC999CA,463610
628134,R018XI999CA,460310
628137,R018XI999CA,460311
638534,R018XC999CA,463612
628140,R018XI102CA,460312
641577,R018XC105CA,464521
633146,R018XI999CA,461892
638540,R018XC999CA,463613
641585,R018XC105CA,464524
641588,R018XC105CA,464525
638545,R018XC999CA,463614
641591,R018XC105CA,464526
638548,R018XC999CA,463615
641597,R018XC105CA,464528
628157,R018XI107CA,460316
641571,R018XC103CA,464519
628161,R018XI107CA,460317
641574,R018XC103CA,464520
638556,R018XC999CA,463618
642644,F022AI202CA,465029
628167,R018XI107CA,460318
638349,R018XC104CA,463581
638562,R018XC999CA,463619
628171,F018XI207CA,460319
638568,R018XC999CA,463620
628173,R018XI999CA,460320
633192,R018XI107CA,461900
642650,F022AG202CA,465032
628177,R018XI999CA,460321
637610,R018XC105CA,463253
642652,F022AI202CA,465033
628182,R018XI999CA,460322
631896,R018XY999CA,461150
633211,R018XY999CA,461902
642655,F022AI202CA,465034
628187,R018XI999CA,460323
633219,R018XY999CA,461903
638589,R018XC999CA,463624
642656,F022AI202CA,465035
628192,R018XI999CA,460324
633227,R018XY999CA,461904
638593,R018XC999CA,463625
628197,R018XI999CA,460325
628614,R018XI999CA,460468
638600,R018XC999CA,463626
660075,F022AI202CA,464975
628206,R018XI999CA,460326
638605,F018XC201CA,463627
628208,R018XI999CA,460327
633248,R018XI164CA,461907
637616,R018XC105CA,463254
628213,R018XI999CA,460328
628624,R018XI999CA,460471
638615,R018XC999CA,463629
628217,R018XI999CA,460329
628628,R018XI999CA,460472
637700,R018XC105CA,463277
628226,R018XI999CA,460331
638349,R018XC999CA,2370737
628231,R018XI999CA,460332
637705,R018XC105CA,463278
642863,R018XC999CA,465143
628236,R018XI999CA,460333
638640,F018XC201CA,463634
642864,R018XC999CA,465144
648317,R018XE999CA,2218128
628241,R018XI999CA,460334
638646,F018XC201CA,463635
628656,R018XI999CA,460478
633288,R018XI107CA,461915
638652,F018XC201CA,463636
628249,R018XI999CA,460336
638659,R018XC999CA,463637
628666,R018XI999CA,460480
638664,R018XY999CA,463638
628256,R018XI999CA,460338
638670,R018XC999CA,463639
628260,R018XI999CA,460339
638674,R018XC999CA,463640
628265,R018XI999CA,460340
638677,R018XC999CA,463641
628270,R018XI999CA,460341
638684,R018XC999CA,463642
633325,R018XI999CA,461922
2247850,R018XA999CA,461207
633329,R018XI999CA,461923
633336,R018XI999CA,461924
628277,R018XI999CA,460345
633341,R018XI999CA,461925
628282,R018XI999CA,460346
628288,F018XI205CA,460347
633349,R018XI999CA,461927
628293,F018XI205CA,460348
628298,F018XI205CA,460349
628721,R018XI999CA,460492
628303,R018XI999CA,460350
628308,R018XI999CA,460351
628727,R018XI999CA,460494
633372,R018XI163CA,461931
628312,R018XI999CA,460352
628731,R018XI999CA,460495
633382,R018XI107CA,461932
628316,R018XI999CA,460353
628734,R018XI999CA,460496
633388,R018XI164CA,461933
628321,R018XI999CA,460354
628326,F018XI202CA,460355
633394,R018XI999CA,461935
628331,R018XY999CA,460356
633399,R018XI999CA,461936
628750,R018XI999CA,460500
633406,R018XI999CA,461937
1292767,R018XY999CA,460357
628335,R018XY999CA,460358
628754,R018XI999CA,460501
633412,R018XI999CA,461938
628337,R018XY999CA,460359
628758,R018XI999CA,460502
633421,R018XI999CA,461939
628341,R018XI999CA,460360
628762,R018XI999CA,460503
633427,R018XI999CA,461940
666230,R018XA999CA,471205
628343,R018XI999CA,460361
666233,R018XA999CA,471206
633444,R018XI999CA,461942
666236,R018XA999CA,471207
628774,R018XI999CA,460506
666239,R018XA999CA,471208
628778,R018XI999CA,460507
642738,R018XI999CA,465074
666242,R018XA999CA,471209
628782,F018XI200CA,460508
628786,F018XI200CA,460509
648510,R018XE999CA,2218133
642904,R018XC999CA,465165
666254,R018XA999CA,471212
2247829,R018XI999CA,2599259
642906,R022AO999CA,465166
666265,R018XA999CA,471214
2247839,F018XI202CA,2599262
1326205,R018XA999CA,461509
2517005,R018XI163CA,
628803,R018XI999CA,460514
633490,R018XY999CA,461951
1326206,R018XA999CA,461508
2517018,R018XI163CA,
628807,R018XI999CA,460515
633495,R018XY999CA,461952
1326207,R018XA999CA,461507
2630129,R018XI163CA,
628811,R018XI999CA,460516
2630149,R018XI163CA,
628817,R018XI999CA,460517
659671,R018XA999CA,461399
628822,R018XY999CA,460518
1326635,R018XA999CA,461400
628827,R018XY999CA,460519
628827,R018XY999CA,460519
642908,F022AK999CA,465167
641569,R018XC105CA,464518
1326636,R018XA999CA,461401
2630166,R018XI164CA,
642911,R022AO999CA,465168
641594,R018XC105CA,464527
1326637,R018XA999CA,461402
628834,R018XI999CA,460521
659679,R018XI999CA,461403
628839,R018XI999CA,460522
1327524,R018XI999CA,461404
1327525,R018XI999CA,461406
1327526,R018XI999CA,461405
1109351,R018XA999CA,749373
635784,R018XI999CA,1403431
1330560,R018XA999CA,804235
635785,R018XI999CA,1403432
628863,R018XI999CA,460528
628867,R018XI999CA,460529
628871,R018XI999CA,460530
628875,R018XI999CA,460531
642919,R018XC999CA,465171
642920,R018XC999CA,465172
666354,R018XA999CA,471234
628891,R018XI999CA,460535
633617,R018XI999CA,461973
633634,R018XY999CA,461977
633638,R018XY999CA,461978
628913,R018XI999CA,460540
633643,R018XI999CA,461979
628918,R018XI999CA,460541
633647,R018XI999CA,461980
628923,R018XI999CA,460542
633655,R018XI107CA,461981
628928,F018XI202CA,460543
628933,R018XI999CA,460544
628940,R018XI999CA,460545
633673,R018XI999CA,461984
628947,R018XI999CA,460546
628954,R018XI999CA,460547
633690,R018XY999CA,461986
628958,R018XI999CA,460548
633694,R018XI999CA,461987
628962,R018XI999CA,460549
628966,R018XI999CA,460550
633706,R018XI999CA,461989
628970,R018XI999CA,460551
628974,R018XI999CA,460552
631970,R018XI999CA,461168
650085,R018XA999CA,461305
666672,R018XA999CA,471309
651095,R018XY999CA,461208
1472811,F018XI208CA,1605512
650087,R018XA999CA,461306
1109346,R018XA999CA,461210
651096,R018XA999CA,461209
1093885,R018XA999CA,727224
631974,R018XI999CA,461169
1087379,R017XA999CA,727233
1370477,R017XA999CA,727232
631984,R018XI999CA,461172
1122381,R018XA999CA,767451
631987,R018XY999CA,461173
1370478,R017XA999CA,727236
1421419,R018XY999CA,461175
651117,R018XY999CA,461211
651106,R018XA101CA,461213
651099,R018XA101CA,461214
1102384,F018XA201CA,461394
667386,F018XA201CA,461514
1465639,R018XY999CA,767474
1103182,R018XA999CA,749382
1102388,F018XA201CA,749381
1102392,F018XA201CA,749380
1452580,R018XA999CA,815436
1163200,R018XA999CA,815435
1259934,F018XA201CA,1406608
1415444,F018XA201CA,1406607
1415445,F018XA201CA,1406606
1259931,R018XA999CA,1406601
1259932,R018XA999CA,1406600
1259933,R018XA999CA,1406599
1122872,R018XA999CA,767479
1122880,R018XA999CA,767478
2630174,R018XI164CA,
1109839,R018XA999CA,461179
632015,R018XA999CA,461180
632017,R018XA999CA,461181
642787,R018XC999CA,465102
2406341,R018XY999CA,461182
2406355,R018XY999CA,461183
642788,R018XC999CA,465103
632029,R018XA999CA,461184
632043,R018XA999CA,461186
650079,R018XY999CA,461262
1404725,R018XI163CA,1605511
1472815,R018XI163CA,1605510
1404321,R018XI163CA,1605509
1094109,F018XI201CA,461425
1297559,R018XI163CA,1403440
1325443,F018XI201CA,461424
663572,F018XI201CA,461423
1325753,R018XI105CA,461423
1325754,R018XI105CA,461422
1325755,R018XI105CA,461445
1325756,R018XI105CA,461444
663581,R018XI999CA,461443
1322872,R018XI999CA,461442
1323078,R018XI999CA,461441
1323079,R018XI999CA,461440
1323080,R018XI999CA,461439
663592,R018XI999CA,461438
1321957,R018XI999CA,461437
1321958,R018XI999CA,461436
1321959,R018XI999CA,461435
1325444,F018XI201CA,461434
1325445,F018XI200CA,461515
1325446,F018XI201CA,461541
1297566,R018XI163CA,1540891
667623,F018XI205CA,461540
638629,F018XC201CA,463632
667613,R018XI105CA,461539
642865,R018XC999CA,465144
667398,R018XA999CA,461519
1321691,R018XA999CA,461518
1321692,R018XA999CA,461517
1321693,R018XA999CA,461516
1102395,R018XI105CA,749431
1352296,F018XI205CA,461540
1353433,F018XI205CA,749431
1102398,R018XI999CA,749430
1352305,F018XI205CA,461539
1353278,R018XI999CA,749429
1353279,R018XI999CA,749428
1153750,F018XI200CA,767484
1357493,F018XI200CA,767483
1363739,R018XA102CA,824117
927884,R018XY999CA,461201
1457741,R018XA999CA,461219
1087244,R018XY999CA,461224
650092,R018XA101CA,461266
650090,R018XA101CA,461268
650088,R018XA103CA,461265
651161,R018XA103CA,461237
659695,R018XY999CA,461416
1047328,R018XA999CA,461426
1094136,R018XA999CA,461421
1153755,R018XA999CA,461454
1153758,R018XA999CA,461453
1153760,F018XA202CA,461452
1047375,F018XA202CA,461451
1153762,R018XA104CA,461450
1153766,R018XA999CA,461449
1122909,R018XA999CA,461448
1094155,F018XA201CA,461447
1094156,F018XA201CA,461446
1094157,F018XA201CA,461474
1155756,R018XA999CA,461473
1155759,R018XA999CA,461472
1155760,R018XA999CA,461471
1155763,R018XA999CA,461470
1174003,R018XA999CA,461469
1155772,F018XA201CA,461468
1155773,R022BX999CA,461467
1155774,F018XA201CA,461466
1155775,F018XA201CA,461465
1155776,R018XA999CA,461464
1094079,F018XA201CA,461463
1094088,F018XA201CA,461462
1094089,R018XA999CA,461461
1094090,R018XA999CA,461460
1094097,F018XA201CA,461459
1094098,F018XA201CA,461458
1094099,F018XA201CA,461457
1094100,F018XA201CA,461456
1094907,R018XA999CA,461455
1094912,R018XA999CA,461480
1094916,R018XA999CA,461479
1094102,R018XA999CA,461477
1094103,R018XA103CA,461476
1300414,F018XA201CA,461475
667414,R018XA999CA,461532
667416,R018XA999CA,461531
667418,R018XA999CA,461530
667420,R018XA999CA,461529
667422,R018XA999CA,461528
667424,R018XA999CA,461527
667426,R018XA999CA,461526
667428,R018XA999CA,461525
667431,F018XA201CA,461524
667433,R018XA999CA,461523
667436,R018XA999CA,461522
667439,R018XA999CA,461521
1087332,R018XA999CA,461486
1087378,R018XA999CA,461485
1087369,R018XA999CA,461484
1087371,R018XA103CA,461482
1087376,R018XA102CA,461481
1153769,R018XA999CA,461534
1153771,R018XA999CA,461533
643141,R018XC999CA,465261
1087374,R018XA999CA,727349
1153772,R018XA999CA,727348
1172713,F018XA201CA,824118
643163,R018XC999CA,465270
1352306,F018XI205CA,749431
651150,R018XA999CA,461233
1153775,R018XA999CA,461232
1153777,R018XA999CA,461231
651195,R018XA999CA,461253
651194,R018XA999CA,461252
651192,R018XA999CA,461251
651190,R018XA999CA,461250
651187,R018XA999CA,461249
1094870,R018XA999CA,727351
1094874,R018XA999CA,727350
1109359,R018XA999CA,749433
1297567,R018XI163CA,1403441
1467871,F018XI200CA,1605508
650095,R018XA999CA,461292
650094,R018XA999CA,461291
1413310,R018XI999CA,1540892
1319773,R018XA999CA,815440
1155790,R018XY999CA,461505
1979655,R018XI111CA,2600463
2528900,F018XI201CA,2924833
2528905,R018XI111CA,2924834
1778537,R018XI101CA,1865918
2074000,F018XI207CA,2450845
2045866,R018XI107CA,2374651
2045838,R018XI107CA,2600527
2045839,F018XI207CA,2600528
2045843,F018XI207CA,2600538
2073965,R018XI107CA,2766838
2331927,F018XI207CA,2600529
2331928,R018XI163CA,2766834
2405998,F018XI208CA,2600464
2406004,F018XI208CA,
2073956,R018XI107CA,2766836
2073956,R018XI107CA,2766837
2516847,F022AI201CA,2924756
2516852,F022AI201CA,2924755
1842266,F018XI205CA,2399766
1840442,F018XI205CA,2441253
642787,R018XC999CA,2370764
2528832,F018XI200CA,2924738
1789128,F018XI205CA,2399769
1789130,F018XI205CA,2399770
642788,R018XC999CA,2370765
1792385,F018XI205CA,2399771
2482839,R018XI106CA,2924701
638634,F018XC201CA,2370749
641559,R018XC105CA,464514
2516870,F022AI202CA,2403747
2516862,F022AI201CA,2399775
2485311,F018XI201CA,2600530
2548334,F018XI201CA,2600531
2405985,R018XI111CA,2450844
1842387,F018XI200CA,2441798
1839563,F018XI201CA,2440240
1839564,F018XI201CA,2440242
1844294,F018XI201CA,1865926
1844296,F018XI202CA,2450843
1817363,R018XI125CA,2426483
1813218,R018XI102CA,1865927
2170330,R018XI102CA,1865928
2170334,R018XI104CA,1906347
2101129,R018XI103CA,2600534
2074013,R018XI103CA,2766830
2250138,F018XI202CA,1913600
2500533,F018XI202CA,2600456
2065345,F018XI202CA,2600457
2065346,F018XI202CA,2600458
2045856,F018XI201CA,2426355
2045859,F018XI200CA,1865929
2045860,F018XI200CA,1865930
1730382,F018XI200CA,1865931
1794815,F018XI202CA,2406016
1794820,F018XI202CA,2399783
2029007,F022AI201CA,2383083
1843572,F022AI201CA,2383084
2029009,F022AI201CA,1913601
1813278,R018XI105CA,2424962
1813281,F018XI202CA,2424963
1730388,R018XI106CA,1913605
1730390,R018XI125CA,1913606
1853908,F022AI201CA,2455490
1792344,F018XI206CA,2403711
2528827,F022AI201CA,2403710
1813313,F018XI206CA,2424959
1813318,F018XI206CA,2424960
2500538,R018XI125CA,2424961
2045872,F018XI200CA,2403720
638252,F018XC201CA,1487066
642740,,2370759
638266,F018XC201CA,2370730
642741,R018XC999CA,2370760
638274,F018XC201CA,1487067
638274,F018XC201CA,2370731
638282,F018XC201CA,2370732
642745,R018XC999CA,2370761
638297,F018XC201CA,2370733
638297,F018XC201CA,464552
638304,F018XC201CA,2370734
642748,R018XC999CA,2370762
638310,F018XC201CA,2370735
628393,F018XI201CA,767852
638336,R018XC999CA,2370736
628411,R018XI999CA,767850
2538514,R018XC105CA,464515
628440,R018XI105CA,767853
638383,R018XC999CA,1487068
638394,R018XC999CA,2370741
642786,R018XC999CA,2370764
2538490,R018XC105CA,464516
641567,R018XC105CA,464517
642789,R018XC999CA,2370765
638469,R018XC999CA,2370742
638475,R018XC999CA,2370743
638482,R018XC999CA,2370744
641579,R018XC105CA,464522
641582,R018XC105CA,464523
638593,R018XC999CA,2370747
638615,R018XC999CA,2370748
628628,R018XI999CA,767856
641600,R018XC105CA,464529
638640,F018XC201CA,464553
628666,R018XI999CA,767857
638674,R018XC999CA,2370750
638677,R018XC999CA,464554
638684,R018XC999CA,2370751
638684,R018XC999CA,464555
628954,R018XI999CA,461412
628958,R018XI999CA,461411
628962,R018XI999CA,461410
648246,R018XE999CA,2218127
648316,R018XE999CA,2218128
641607,R018XC105CA,464531
648355,F018XE201CA,2218129
648408,R018XE999CA,2218130
648448,R018XE999CA,2371039
648480,R018XE999CA,2218131
639352,R018XE102CA,463827
648608,R018XE103CA,467403
637171,R018XI999CA,462943
648509,R018XE999CA,2218133
1380734,R018XC105CA,464527
648545,R018XE999CA,2218134
637173,R018XI999CA,462945
637174,R018XI999CA,462946
647350,R017XD999CA,2218135
1273050,R022AO999CA,2371521
1273050,R018XC999CA,2218136
637175,R018XI999CA,462947
637176,R018XI163CA,462948
637177,R018XI163CA,462949
637178,R018XI163CA,462950
637179,R018XI163CA,462951
637180,R018XI163CA,462952
2405975,F018XI201CA,2924751
2405969,F018XI200CA,2924752
2405978,F018XI200CA,2924753
2485304,F018XI201CA,2924754
637181,R018XY999CA,462953
640646,R018XC999CA,464171
627094,R022BX999CA,459921
635383,F018XI205CA,462304
640651,R018XC999CA,464172
635385,F018XI205CA,462305
627098,R022BX999CA,459922
635387,F018XI205CA,462306
637508,F018XC201CA,463229
637825,F018XC201CA,463307
635389,F018XI205CA,462307
627102,R022BX999CA,459923
629000,R018XA999CA,460670
635391,F018XI205CA,462308
637510,R018XI999CA,463230
1676714,F018XC201CA,463308
635393,F018XI205CA,462309
627106,R022BX999CA,459924
637182,R018XI163CA,462954
637829,R018XC999CA,463309
627110,R022BX999CA,459925
627114,R022BX999CA,459926
629004,R018XA999CA,460671
637183,R018XI163CA,462955
637831,F018XC201CA,463310
637184,R018XI999CA,462956
637514,F018XC201CA,463231
637833,F018XC201CA,463311
2402182,R018XA999CA,460672
637185,R018XY999CA,462957
640656,F018XC201CA,464173
634850,R018XI999CA,462180
640657,F018XC201CA,464174
637835,F018XC201CA,463312
640661,F018XC201CA,464175
640661,F018XC201CA,2370768
627118,R022BX999CA,459927
637519,R018XI999CA,463232
640664,F018XC201CA,464176
640664,F018XC201CA,2370769
637838,F018XC201CA,463313
627119,R018XA999CA,459928
629036,R018XY999CA,460677
627765,F018XI205CA,460167
637841,R018XC105CA,463314
2538514,R018XC105CA,463630
627766,F018XI205CA,460168
637843,R018XC105CA,463315
641604,R018XC107CA,464530
627767,F018XI205CA,460169
634855,R018XI999CA,462181
635395,F018XI205CA,462310
637845,R018XC105CA,463316
2538490,R018XC105CA,463631
640667,F018XC201CA,464177
635398,F018XI205CA,462311
634862,F018XI205CA,462182
635401,F018XI205CA,462312
640670,F018XC201CA,464178
640672,F018XC201CA,464179
640672,F018XC201CA,2370771
637522,F018XC201CA,463233
627124,R018XA999CA,459929
637847,R018XC999CA,463317
638634,R018XC105CA,463633
627768,F018XI205CA,460170
637849,R018XC999CA,463318
637851,R018XC105CA,463319
628581,R018XI999CA,460461
640676,F018XC201CA,464180
640676,F018XC201CA,2370772
627770,F018XI205CA,460171
635406,F018XI205CA,462313
2482844,F018XI200CA,2924738
637853,R018XC105CA,463320
640678,F018XC201CA,464181
629039,R018XY999CA,460678
627773,R018XI999CA,460173
634877,R018XI999CA,462185
634880,R018XI999CA,462186
627774,R018XI999CA,460174
634883,R018XI999CA,462187
635409,F018XI205CA,462314
637532,F018XC201CA,463235
637537,R018XC999CA,463236
629042,R018XY999CA,460679
635796,R018XI163CA,462528
627776,R018XI999CA,460176
637544,F018XC201CA,463237
637550,F018XC201CA,463238
627128,R018XY999CA,459930
635412,R018XI999CA,462315
637556,R018XI999CA,463239
640680,R018XC999CA,464182
640683,F018XC201CA,464183
637559,R018XI999CA,463240
640683,F018XC201CA,2370773
627131,R018XY999CA,459931
634897,F018XI201CA,462189
635417,R018XI999CA,462318
635419,R018XI999CA,462319
640686,F018XC201CA,464184
637562,R018XI106CA,463241
640690,R018XC999CA,464185
640690,R018XC999CA,2370774
634901,F018XI201CA,462190
635797,R018XI163CA,462529
634904,F018XI201CA,462191
635798,R018XI163CA,462530
635799,R018XI163CA,462531
640692,R018XC999CA,464186
640692,R018XC999CA,2370775
637565,R018XI106CA,463242
629045,R018XY999CA,460680
640694,R018XY999CA,464187
635800,R018XY999CA,462532
627144,R018XA999CA,459935
634908,F018XI207CA,462192
627146,R018XA999CA,459936
635424,F018XI201CA,462322
637569,R018XI999CA,463243
637576,R018XI999CA,463244
629048,R018XY999CA,460681
635802,R018XY999CA,462534
2280651,,464188
634911,R018XI999CA,462193
640699,R018XC999CA,464189
635429,F018XI201CA,462323
629051,R018XY999CA,460682
635435,F018XI200CA,462324
640705,R018XC999CA,464191
634915,F018XI205CA,462194
637196,R018XI163CA,462966
640707,R018XC999CA,464192
627780,F018XI201CA,460180
634918,F018XI205CA,462195
635436,R018XI999CA,462325
627149,R018XA999CA,459937
634921,F018XI205CA,462196
635437,F018XI201CA,462326
637842,R018XC105CA,463314
638160,R018XC105CA,463511
637856,R018XC999CA,463321
637859,R018XY999CA,463322
629053,R018XY999CA,460683
635438,F018XI200CA,462327
634925,F018XI205CA,462197
627782,F018XI201CA,460181
635440,R018XI999CA,462328
627152,R018XA999CA,459938
635442,R018XI999CA,462329
629054,R018XY999CA,460684
640712,R018XC999CA,464194
2280651,,463323
627785,F018XI205CA,460182
634928,F018XI205CA,462198
635444,F018XI201CA,462330
634928,F018XI205CA,1612053
634933,F018XI205CA,462199
635446,F018XI201CA,462331
627157,R018XA999CA,459939
629056,R018XA999CA,460685
635803,R018XI163CA,462535
640714,F018XC201CA,464195
640716,F018XC201CA,464196
640718,F018XC201CA,464197
640720,F018XC201CA,464198
627786,F018XI205CA,460183
634939,F018XI205CA,462200
635448,F018XI201CA,462332
635804,R018XI163CA,462536
640722,F018XC201CA,464199
640725,F018XC201CA,464200
640722,F018XC201CA,2370776
627788,F018XI205CA,460184
640727,F018XC201CA,464201
640727,F018XC201CA,2370777
635450,R018XI106CA,462333
640729,F018XC201CA,464202
2247850,R018XA999CA,460686
629066,R018XA999CA,460687
627790,F018XI201CA,0
640731,F018XC201CA,464203
635452,R018XI106CA,462334
640737,F018XC201CA,464204
640737,F018XC201CA,2370778
640739,F018XC201CA,464205
627792,F018XI201CA,460186
635455,F018XI207CA,462335
634944,F018XI200CA,462201
640741,F018XC201CA,464206
627795,F018XI201CA,460187
634949,R018XI999CA,462202
635458,F018XI201CA,462336
640743,F018XC201CA,464207
627798,R018XI106CA,460188
634955,F018XI200CA,462203
640746,F018XC201CA,464208
640746,F018XC201CA,2370780
640749,F018XC201CA,464209
629075,R018XA999CA,460689
634959,R018XI999CA,462204
640752,R018XC999CA,464210
640752,R018XC999CA,2370781
634961,R018XI999CA,462205
640756,F018XC201CA,464211
637198,R018XY999CA,462967
629086,R018XY999CA,460691
635805,R018XY999CA,462537
637199,R018XY999CA,462968
638161,R018XC105CA,463512
638162,R018XC105CA,463513
638164,R018XC105CA,463514
638166,R018XC105CA,463515
638175,R018XC105CA,463524
629089,R018XY999CA,460692
637200,R018XY999CA,462969
637580,R018XI999CA,463245
637584,R018XI999CA,463246
635807,R018XY999CA,462538
637202,R018XI999CA,462970
637866,R018XY999CA,463327
627164,R018XA999CA,459941
637587,F018XI205CA,463247
627168,R018XA999CA,459942
637590,R018XI999CA,463248
637868,R018XC999CA,463328
637598,R018XI106CA,463249
629092,R018XY999CA,460693
635809,R018XY999CA,462539
637204,R018XY999CA,462972
637846,R018XC105CA,463316
638215,R018XC105CA,463545
640762,R018XC105CA,464213
637604,R018XI999CA,463251
640764,R018XC105CA,464214
640766,R018XC105CA,464215
629094,R018XY999CA,460694
634964,R018XI999CA,462206
634969,R018XI999CA,462207
627172,R018XA999CA,459943
637205,R018XY999CA,462974
627177,R018XA999CA,459944
627181,R018XA999CA,459945
634973,R018XI999CA,462208
634979,R018XI999CA,462209
2450699,R018XA999CA,459946
637608,F018XI201CA,463252
634983,R018XI999CA,462210
640770,R018XC105CA,464216
640776,R018XC105CA,464218
640778,R018XC105CA,464219
640780,R018XC105CA,464220
640782,R018XC105CA,464221
640784,R018XC105CA,464222
635811,R018XY999CA,462540
637206,R018XY999CA,462975
640786,R018XC105CA,464223
637621,R018XI106CA,463255
640788,R018XC999CA,464224
627800,R018XI999CA,460189
627801,R018XI999CA,460190
637628,R018XI999CA,463256
634987,R018XI999CA,462211
634992,R018XI999CA,462212
627802,R018XI999CA,460191
627804,R018XI999CA,460192
634996,R018XI999CA,462213
637633,R018XI999CA,463258
637639,R018XI999CA,463259
637633,R018XI999CA,1670186
637644,R018XI999CA,463260
637873,R018XC999CA,463332
637874,R018XY999CA,463333
637876,R018XY999CA,463334
637878,R018XC999CA,463335
637880,R018XY999CA,463336
635465,R018XI999CA,462340
2335577,R018XY999CA,460698
627218,R018XA999CA,459955
627223,R018XA999CA,459956
635467,F022AI201CA,462342
635001,R018XI999CA,462214
635468,F022AI201CA,462343
629114,R018XA999CA,460699
629119,R018XA999CA,460700
627233,R018XA999CA,459958
627238,R018XA999CA,459959
629127,R018XA999CA,460702
627243,R018XA999CA,459960
627248,R018XA999CA,459961
637216,R018XI999CA,462983
629132,R018XA999CA,460703
637218,R018XI999CA,462984
2450544,R018XA999CA,460704
637220,R018XI999CA,462985
629139,R018XA999CA,460705
637222,R018XI999CA,462986
2450533,R018XA999CA,460706
640820,R018XC999CA,464236
640823,R018XC999CA,464237
627807,R018XI999CA,460194
627809,R018XI999CA,460195
629148,R018XA999CA,460707
635012,R018XI999CA,462216
627811,R018XI999CA,460196
637225,R018XI999CA,462989
640825,R018XC999CA,464238
637227,R018XI999CA,462990
640827,R018XC999CA,464239
640829,R018XY999CA,464240
627261,R018XA999CA,459966
627816,R018XI999CA,460199
627817,R018XI999CA,460200
629163,R018XY999CA,460710
629166,R018XY999CA,460711
627266,R018XA999CA,459967
2450533,R018XA999CA,459968
629169,R018XY999CA,460712
627277,R018XA999CA,459969
629171,R018XY999CA,460713
635043,R018XI999CA,462222
627283,R018XA999CA,459970
635049,R018XI999CA,462223
629173,R018XY999CA,460714
640839,R018XY999CA,464245
627289,R018XA999CA,459973
635056,R018XI999CA,462224
627292,R018XA999CA,459974
640842,R018XY999CA,464246
629175,R018XY999CA,460715
637923,R018XC999CA,463370
627823,R018XI999CA,460206
640844,R018XY999CA,464247
637925,R018XC999CA,463371
640846,R018XY999CA,464248
627297,F018XA203CA,459976
627301,F018XA203CA,459977
629185,R018XY999CA,460718
637927,R018XC999CA,463372
637929,R018XC999CA,463373
637931,R018XC999CA,463374
640848,R018XC101CA,464249
2503609,R018XC101CA,464250
640855,R018XC101CA,464252
629189,F018XA203CA,460719
640864,R018XC101CA,464255
627309,F018XA203CA,459979
629191,F018XA203CA,460720
641299,R018XC101CA,464421
641303,R018XC101CA,464422
2520997,R018XA999CA,460721
2521006,R018XA999CA,460722
637936,R018XC999CA,463376
637937,R018XC999CA,463376
641305,R018XC101CA,464423
641308,R018XC101CA,464424
627310,F018XA203CA,459980
629202,R018XA999CA,460723
638214,R018XC105CA,463545
638362,R018XC999CA,463583
638369,R018XC999CA,463584
638376,R018XC999CA,463585
2521002,,463377
629205,R018XA999CA,460724
635839,R018XI999CA,462554
637941,R018XC999CA,463378
2521010,,463378
635840,R018XI999CA,462555
637910,R018XC999CA,463358
640886,R018XC999CA,464263
640891,R018XC999CA,464264
640895,R018XC999CA,464265
640897,R018XC999CA,464266
640901,R018XC999CA,464267
629222,R018XY999CA,460728
637230,R018XI163CA,462993
637657,R018XC103CA,463265
637647,R018XI163CA,463262
637943,R018XC103CA,463379
637232,R018XI163CA,462994
637649,R018XI163CA,463263
637944,R018XC103CA,463380
637945,R018XC103CA,463381
637652,R018XI163CA,463264
637946,R018XC103CA,463382
637947,R018XC103CA,463383
637949,R018XC103CA,463384
2210896,,2766109
2210896,,2766110
635843,R018XI999CA,462558
635060,R018XI103CA,462225
635063,F022AI201CA,462226
635066,F022AI201CA,462227
635069,F022AI201CA,462228
635072,F022AI201CA,462229
627331,R018XA999CA,459986
640913,R018XC999CA,464271
640917,R018XY999CA,464273
640919,R018XY999CA,464274
640921,R018XC106CA,464275
640923,R018XC106CA,464276
627828,R018XI999CA,460209
640925,R018XC106CA,464277
637259,R018XI163CA,463017
635472,R018XI107CA,462346
635474,R018XI107CA,462347
635862,R018XI163CA,462577
635476,F018XI200CA,462348
635864,R018XI163CA,462578
640938,R018XC999CA,464281
635867,R018XI163CA,462579
635478,R018XI107CA,462349
635870,R018XI163CA,462580
635481,R018XI107CA,462350
640947,R018XC105CA,464284
2443096,R018XC105CA,464285
627341,R018XA999CA,459988
2443105,R018XC105CA,464286
640953,R018XC105CA,464287
638216,R018XC103CA,463547
638217,R018XC103CA,463548
640959,R018XC105CA,464290
640965,F018XC201CA,464291
635484,F022AI201CA,462351
627348,R018XA999CA,459990
635485,F022AI201CA,462352
638218,R018XC103CA,463549
640955,R018XC103CA,464288
640974,R018XC105CA,464294
635486,F022AI201CA,462353
640977,R018XC999CA,464295
640980,R018XC106CA,464296
640982,R018XC106CA,464297
640985,R018XC106CA,464298
640980,R018XC106CA,1674960
640988,R018XY999CA,464299
640990,R018XY999CA,464300
640995,R018XY999CA,464301
629272,F018XA203CA,460743
635487,F022AI201CA,462354
635489,F022AI201CA,462355
640998,R018XY999CA,464302
641001,R018XY999CA,464303
635491,R018XI999CA,462356
640957,R018XC103CA,464289
641030,R018XC105CA,464311
641033,R018XY999CA,464312
2280640,,463420
627352,R018XA999CA,459991
638034,R018XY999CA,463421
627361,R018XA999CA,459993
627367,R018XA103CA,459994
638035,R018XY999CA,463422
627372,R018XA999CA,459995
627375,R018XA999CA,459996
627379,R018XA999CA,459997
2280640,,464315
637283,R018XI999CA,463037
637284,R018XI999CA,463038
641043,R018XY999CA,464316
641050,R018XY999CA,464319
638041,R018XY999CA,463428
641056,R018XY999CA,464321
629286,F018XA201CA,460746
2450619,R018XA104CA,460747
641059,R018XY999CA,464322
641062,R018XY999CA,464323
635913,R018XI999CA,462597
638044,R018XC999CA,463431
638045,R018XC999CA,463432
638046,R018XC999CA,463433
638047,R018XC999CA,463434
627389,R018XA999CA,459999
629292,R018XA999CA,460748
629295,R018XA999CA,460749
641071,R018XC999CA,464326
641074,R018XC999CA,464327
641076,R018XC999CA,464328
638049,R018XC999CA,463436
627393,R018XA103CA,460000
627398,R018XA103CA,460001
641079,R018XC999CA,464329
637287,R018XI999CA,463040
638052,R018XY999CA,463439
635917,R018XI163CA,462601
635493,R018XI103CA,462357
637660,R018XI102CA,463266
627407,R018XY999CA,460003
641081,R018XC999CA,464330
635919,R018XI999CA,462602
637288,R018XI999CA,463041
638053,R018XY999CA,463440
637664,R018XI999CA,463267
641083,R018XC999CA,464331
635497,F022AI202CA,462358
635498,F022AI202CA,462359
635499,R018XI999CA,462360
637667,R018XI163CA,463268
641085,R018XC999CA,464332
635924,R018XI999CA,462607
637291,R018XI999CA,463043
638055,R018XY999CA,463442
635925,R018XI999CA,462608
635500,F022AI202CA,462361
635501,F022AI202CA,462362
635928,R018XI999CA,462612
635929,R018XI999CA,462613
641087,R018XC999CA,464333
637292,R018XI999CA,463044
638056,R018XY999CA,463443
627424,R018XY999CA,460008
641089,R018XC999CA,464334
638057,R018XY999CA,463444
635504,F022AI202CA,462363
635506,F022AI202CA,462364
635508,R018XI999CA,462365
627428,F018XA201CA,460009
629314,R018XA999CA,460754
638058,R018XY999CA,463445
627432,F018XA201CA,460010
629318,R018XA999CA,460755
635086,F022AI202CA,462233
635092,F022AI202CA,462234
635097,R018XI999CA,462235
627436,F018XA201CA,460011
638059,R018XY999CA,463446
635102,F022AI202CA,462236
641095,R018XC999CA,464337
638060,R018XY999CA,463447
638061,R018XY999CA,463448
635107,R018XI999CA,462237
635510,R018XI999CA,462366
641097,R018XC999CA,464338
635512,R018XY999CA,462367
641099,R018XC999CA,464339
638062,R018XY999CA,463449
635514,R018XY999CA,462368
641103,R018XC999CA,464340
638063,R018XY999CA,463450
627832,R018XI999CA,460212
627833,R018XI999CA,460213
635516,R018XY999CA,462369
627834,R018XI999CA,460214
638066,R018XC999CA,463451
638067,R018XC999CA,463452
635940,R018XI999CA,462624
627835,R018XI999CA,460215
641109,R018XC999CA,464343
637301,R018XI999CA,463053
627837,R018XI999CA,460216
627838,R018XI999CA,460217
638068,R018XC999CA,463453
635519,R018XY999CA,462370
637302,R018XI999CA,463054
638069,R018XC999CA,463454
638071,R018XC999CA,463455
641127,R018XC999CA,464352
641131,R018XC999CA,464354
641133,R018XC999CA,464355
637303,R018XI999CA,463055
635944,R018XI999CA,462628
641135,R018XI101CA,464356
635127,R018XI999CA,462241
641137,R018XY999CA,464358
637304,R018XI999CA,463056
635521,R018XY999CA,462371
635947,R018XI163CA,462631
629356,F018XA202CA,460763
635948,R018XI163CA,462632
638073,R018XC999CA,463456
629362,F018XA202CA,460764
641140,R018XC999CA,464359
641140,R018XC999CA,2370788
641143,R018XC999CA,464360
641145,R018XC999CA,464361
641148,R018XC999CA,464362
635949,R018XI163CA,462633
635950,R018XI163CA,462634
641150,R018XC999CA,464363
627442,R018XA999CA,460012
627446,R018XA103CA,460013
629372,R018XA103CA,460766
629375,R018XA103CA,460767
627450,R018XA103CA,460014
627454,R018XA103CA,460015
627458,R018XA999CA,460016
627461,R018XA999CA,460017
629378,R018XA999CA,460768
,R018XA999CA,
629386,F018XA203CA,460770
629391,F018XA203CA,460771
635133,R022AI101CA,462242
629396,R018XA104CA,460772
629402,R018XA104CA,460773
635524,R018XI107CA,462373
629408,R018XA104CA,460774
635526,R022AI101CA,462374
635529,R022AI101CA,462375
629418,R018XA104CA,460776
627464,R018XA999CA,460018
637670,R018XI999CA,463269
627468,R018XA999CA,460019
637673,R018XI999CA,463270
627472,R018XA999CA,460020
637676,R018XI999CA,463271
637679,R018XI999CA,463272
637682,R018XI999CA,463273
637686,R018XI999CA,463274
627476,R018XA999CA,460021
627480,R018XA999CA,460022
637690,R018XI999CA,463275
638077,R018XC999CA,463458
637695,R018XI999CA,463276
638079,R018XC999CA,463459
629424,R018XA999CA,460777
629428,R018XA999CA,460778
629432,R018XA999CA,460779
635531,R018XI999CA,462376
629436,R018XA999CA,460780
629440,R018XA999CA,460781
629444,R018XA999CA,460782
635533,F022AI201CA,462377
635534,F022AI201CA,462378
635535,F022AI201CA,462379
635536,F022AI201CA,462380
635537,F022AI201CA,462381
635538,F022AI201CA,462382
627840,R018XI999CA,460219
635539,F022AI201CA,462383
627841,R018XI999CA,460220
627842,R018XI999CA,460221
635541,F022AI201CA,462384
635543,F022AI201CA,462385
635545,F022AI202CA,462386
635547,F022AI202CA,462387
635136,R018XI999CA,462243
627844,R018XI999CA,460223
627846,R018XI999CA,460224
627848,R018XI999CA,460225
635148,R018XI999CA,462245
635549,F022AI201CA,462388
635155,R018XI999CA,462246
635159,R018XI999CA,462247
635163,R018XI999CA,462248
635167,R018XI999CA,462249
635172,R018XI999CA,462250
635178,R018XI999CA,462251
635551,F022AI201CA,462389
638081,R018XC999CA,463460
637310,R018XI999CA,463061
637312,R018XI999CA,463062
629471,R018XA999CA,460789
637315,R018XI999CA,463064
627509,R017XE999CA,460031
627514,R017XE999CA,460032
627518,R018XY999CA,460033
635952,R018XI164CA,462636
641153,R018XC105CA,464365
629475,R018XA999CA,460790
641155,R018XC105CA,464366
641388,R018XC105CA,464452
635954,R018XI164CA,462637
627521,R018XA999CA,460034
627526,R022BX999CA,460035
627531,F018XA202CA,460036
627536,F018XA202CA,460037
627541,R022BX999CA,460038
627546,F018XA202CA,460039
629479,R018XA999CA,460791
641157,R017XD999CA,464367
629482,R018XA999CA,460792
637318,R018XY999CA,463065
629502,R018XA999CA,460797
635555,R018XI999CA,462391
629505,R018XA999CA,460798
629511,R018XA999CA,460800
627559,R018XA999CA,460042
641393,R018XC105CA,464454
627567,R018XA999CA,460044
627571,R018XA999CA,460045
641452,R018XC105CA,464476
627575,R018XA999CA,460046
627581,R018XA999CA,460047
627585,R018XA999CA,460048
627589,R018XA999CA,460049
627592,R018XA999CA,460050
629541,R018XA999CA,460809
627596,R018XA999CA,460051
629544,R018XA999CA,460810
637336,R018XY999CA,463074
629548,R018XA999CA,460811
637338,R018XY999CA,463075
629552,R018XA999CA,460812
637342,R018XY999CA,463077
629555,R018XA999CA,460813
629561,R018XA999CA,460815
629564,R018XA999CA,460816
629570,R018XA999CA,460818
629573,R018XA999CA,460819
629576,R018XA999CA,460820
641174,R017XD999CA,464375
637346,R018XI999CA,463079
627850,R018XI999CA,460226
629579,R018XA999CA,460821
635183,R018XI999CA,462253
627599,R018XA999CA,460052
637713,R018XI999CA,463280
637713,R018XI999CA,1670192
637717,R018XI999CA,463281
637717,R018XI999CA,1670193
637347,R018XI999CA,463080
635564,F022AI201CA,462396
635187,R018XI999CA,462254
635192,R018XI999CA,462255
637720,R018XI999CA,463282
637725,R018XI999CA,463283
641178,R017XD999CA,464376
637348,R018XI999CA,463081
627613,R018XA999CA,460055
635565,F022AI201CA,462397
635197,R018XI999CA,462256
635567,F022AI201CA,462398
637729,R018XI999CA,463284
635201,R018XI999CA,462257
635569,F022AI201CA,462399
627851,R018XI999CA,460227
637349,R018XI999CA,463082
638094,R018XC999CA,463466
635966,R018XI999CA,462644
627620,R018XA999CA,460058
635571,F022AI201CA,462400
635572,R018XI999CA,462400
637733,R018XI999CA,463285
641184,R017XD999CA,464378
637351,R018XI999CA,463084
627624,R018XA999CA,460059
637737,R018XI999CA,463286
2247791,R018XA999CA,460061
627631,R018XA999CA,460062
637352,R018XI999CA,463085
637744,F022AI201CA,463288
627634,R018XA999CA,460063
635207,R018XI999CA,462258
627638,R018XA999CA,460064
637747,R018XC999CA,463289
637747,R018XC999CA,1670198
637353,R018XI999CA,463086
2450598,R018XA999CA,460065
635575,R022AI102CA,462402
635210,R018XI999CA,462259
635577,R022AI102CA,462403
629613,R018XA999CA,460830
629617,R018XA999CA,460831
629621,R018XA999CA,460832
627655,R018XY999CA,460068
638097,R018XC999CA,463467
629625,R018XA999CA,460833
635589,R018XI999CA,462407
627855,R018XI999CA,460229
629629,R018XA999CA,460834
2406374,R018XY999CA,460069
638098,R018XY999CA,463468
640968,R018XC103CA,464292
629633,R018XA999CA,460835
640971,R018XC103CA,464293
641027,R018XC103CA,464310
641204,R018XC103CA,464385
627659,R018XY999CA,460070
629636,R018XA999CA,460836
638099,R018XC999CA,463469
641209,R018XC103CA,464386
641211,R018XC103CA,464387
641214,R018XC103CA,464388
629640,R018XA999CA,460837
641223,R017XD999CA,464392
641225,R017XD999CA,464393
629644,R018XA999CA,460838
627660,R018XY999CA,460071
637361,R018XI999CA,463093
638100,R018XY999CA,463470
627661,R018XY999CA,460072
635596,R018XI999CA,462411
637362,R018XI999CA,463094
627860,R018XI999CA,460233
635215,R018XI999CA,462262
637363,R018XI999CA,463095
637364,R018XI999CA,463096
637365,R018XI999CA,463097
627861,R018XI999CA,460234
638101,R018XY999CA,463471
635224,R018XI999CA,462264
635599,R018XI999CA,462412
627862,R018XI999CA,460235
635600,R018XI999CA,462413
635975,R018XI999CA,462651
635976,R018XI999CA,462652
638102,R018XC999CA,463472
641227,R018XC101CA,464394
635977,R018XI999CA,462653
638104,R018XC999CA,463473
641229,R018XC101CA,464395
635978,R018XI999CA,462654
635228,R018XI999CA,462265
635606,F022AI201CA,462415
635611,F022AI201CA,462419
635615,F022AI201CA,462421
2450598,R018XA999CA,460851
2406374,R018XA999CA,460852
629702,R018XA999CA,460853
629705,R018XA999CA,460854
629714,R018XA999CA,460857
629717,R018XY999CA,460858
627662,R018XY999CA,460073
627666,R018XA999CA,460076
627671,F018XA201CA,460081
629798,R018XA999CA,460880
629806,R018XA999CA,460882
2450603,R018XA999CA,460884
629816,R018XA999CA,460885
635983,R018XI999CA,462659
638106,R018XC999CA,463474
635626,F018XI200CA,462424
637752,R018XC999CA,463290
638108,R018XC999CA,463476
635984,R018XI163CA,462660
627672,R018XA999CA,460082
635985,R018XI163CA,462661
627673,R018XA999CA,460083
635986,R018XI163CA,462662
635234,F018XI201CA,462266
635987,R018XI163CA,462663
635988,R018XI163CA,462664
638111,R018XC999CA,463479
635989,R018XI163CA,462665
638113,R018XC999CA,463480
635990,R018XI163CA,462666
627675,R018XA103CA,460085
635238,F018XI200CA,462267
638115,R018XC999CA,463481
637374,R018XI163CA,463106
637375,R018XI999CA,463107
2247758,R018XA999CA,2766128
629869,R018XA999CA,460902
637376,R018XI163CA,463108
637377,R018XI999CA,463109
638118,R018XY999CA,463484
637378,R018XI163CA,463110
641257,R017XD999CA,464407
641259,R017XD999CA,464408
637379,R018XI163CA,463111
641261,R018XC103CA,464409
635996,R018XI999CA,462672
637380,R018XI999CA,463112
637381,R018XI999CA,463113
641263,R017XD999CA,464410
635628,R018XI163CA,462425
637382,R018XI999CA,463114
641265,R017XD999CA,464411
637383,R018XI999CA,463115
641267,R017XD999CA,464412
637384,R018XI999CA,463116
641271,R017XD999CA,464413
2247832,F018XI208CA,2599260
635643,F018XI208CA,462431
629881,R018XA102CA,460905
629885,R018XA102CA,460906
629889,R018XA999CA,460907
629891,R018XA999CA,460908
629892,R018XA999CA,460908
636001,R018XI164CA,462675
636002,R018XI164CA,462676
636003,R018XI164CA,462677
636004,R018XI164CA,462678
637392,R018XI999CA,463122
638130,R018XC101CA,463493
636005,R018XI164CA,462679
636007,R018XI164CA,462680
638131,R018XC101CA,463494
638143,R018XC101CA,463501
641310,R018XC101CA,464425
641313,R018XC101CA,464426
641316,R018XC101CA,464427
638144,R018XC101CA,463502
636009,F018XI208CA,462681
637397,R018XI999CA,463127
638124,R018XY999CA,463490
636010,F018XI208CA,462682
637398,R018XI999CA,463128
638126,R018XY999CA,463491
637758,R018XI163CA,463291
637400,R018XI999CA,463130
635650,R018XI163CA,462434
636012,F018XI208CA,462684
637401,R018XI999CA,463131
636013,F018XI208CA,462685
635654,R018XI163CA,462435
635656,R018XI163CA,462436
627687,R018XA999CA,460097
640852,R018XC102CA,464251
636014,R018XI163CA,462686
637403,R018XI999CA,463133
640858,R018XC102CA,464253
636016,R018XI163CA,462687
638132,R018XC999CA,463495
636017,R018XI163CA,462688
638134,R018XC999CA,463496
635244,F018XI205CA,462269
637405,R018XI999CA,463135
635247,F018XI205CA,462270
635249,F018XI205CA,462271
637406,R018XI999CA,463136
635251,F018XI205CA,462272
638136,R018XC999CA,463497
635253,F018XI205CA,462273
635255,R018XI106CA,462274
637409,R018XI163CA,463139
641334,R017XD999CA,464434
637410,R018XI999CA,463140
638138,R018XC999CA,463498
635257,R018XI106CA,462275
635259,R018XI111CA,462276
638142,R018XC999CA,463500
627867,F018XI202CA,460237
641344,R017XD999CA,464437
640861,R018XC102CA,464254
635658,R018XI163CA,462437
640867,R018XC102CA,464256
2406378,R018XA999CA,460914
2406391,R018XA999CA,460915
629927,R018XA999CA,460916
627871,F018XI205CA,460239
627873,F018XI202CA,460240
627875,R018XI999CA,460241
637422,R018XI999CA,463152
636031,F018XI208CA,462698
635664,F018XI208CA,462439
636032,F018XI208CA,462699
2280637,,463508
636035,R018XI999CA,462701
637767,R018XC999CA,463294
637911,R018XC999CA,463359
637772,R018XC999CA,463295
637912,R018XC999CA,463360
637777,R018XC999CA,463296
637913,R018XC999CA,463361
637424,R018XI999CA,463154
635267,F022AI201CA,462278
637425,R018XI999CA,463155
635272,F022AI201CA,462279
635276,R018XI999CA,462280
637782,R018XC999CA,463297
640870,R018XC107CA,464257
627707,R018XA102CA,460115
637427,R018XI999CA,463157
637788,R018XC999CA,463298
635280,F022AI201CA,462281
627708,R018XA102CA,460116
629936,R018XA999CA,460921
627709,R018XA102CA,460117
627876,R018XI999CA,460242
629938,F018XA201CA,460922
637428,R018XI999CA,463158
641360,R018XD999CA,464443
641363,R018XD999CA,464444
627878,R018XI111CA,460243
627710,R018XA102CA,460118
637791,R018XC999CA,463299
635285,F022AI201CA,462282
635670,F018XI204CA,462443
641366,R018XD999CA,464445
640873,R018XC999CA,464258
640873,F018XC999CA,2370783
627711,R018XA999CA,460119
637796,R018XC999CA,463300
627712,R018XA999CA,460120
637802,R018XC999CA,463301
627880,F018XI202CA,460244
635672,F022AI201CA,462444
637431,R018XI999CA,463160
627881,F018XI202CA,460245
635293,F018XI205CA,462283
627882,F018XI202CA,460246
637433,R018XI999CA,463161
635300,F018XI205CA,462284
637435,R018XI999CA,463162
641372,R018XD999CA,464447
635674,F018XI205CA,462445
637436,R018XI999CA,463163
641375,R018XD999CA,464448
635678,F018XI205CA,462446
635304,F018XI205CA,462285
635680,F018XI205CA,462447
635682,F018XI205CA,462448
635683,F018XI205CA,462449
635684,F018XI204CA,462450
627718,R018XY999CA,460125
635685,F018XI205CA,462451
641378,R018XD999CA,464449
635690,F018XI205CA,462452
635692,F018XI205CA,462453
635694,F018XI205CA,462454
635311,F018XI205CA,462286
635695,F018XI205CA,462455
635696,F018XI205CA,462456
635318,R018XI105CA,462287
641382,R018XC999CA,464450
635324,R018XI999CA,462288
640876,R018XC107CA,464259
641386,R018XC999CA,464451
627883,F018XI202CA,460247
635329,R018XI999CA,462289
635698,F018XI204CA,462458
640876,R018XC999CA,2370784
627885,F018XI202CA,460248
635334,R018XI999CA,462290
635700,R018XI105CA,462459
627887,R018XI999CA,460249
641390,R018XC999CA,464453
627888,R018XI999CA,460250
640879,R018XC999CA,464260
627889,R018XI999CA,460251
635697,F018XI205CA,462457
627890,R018XI999CA,460252
635702,F018XI205CA,462460
627891,R018XI999CA,460253
635705,F018XI205CA,462461
641396,R022AI999CA,464455
636041,R018XI999CA,462704
637440,R018XI999CA,463167
635707,F022AI201CA,462462
636042,R018XI999CA,462705
637441,R018XI999CA,463168
640879,R018XC999CA,2370785
627725,R018XA999CA,460132
635708,F022AI201CA,462463
637443,R018XI999CA,463170
641400,F018XC201CA,464456
641400,R018XC999CA,2370791
627726,R018XA999CA,460133
629946,R018XA999CA,460926
635709,F022AI201CA,462464
641402,R018XC999CA,464457
641402,R018XC999CA,2370792
627727,R018XA999CA,460134
629947,R018XA999CA,460927
635710,F022AI201CA,462465
641405,R018XC999CA,464458
641405,F018XC201CA,2370793
629948,R018XA999CA,460928
641408,F018XC201CA,464459
641408,R018XC999CA,2370794
627892,F018XI205CA,460254
635711,F022AI201CA,462466
627729,R018XA999CA,460136
627894,F018XI205CA,460255
635715,F022AI201CA,462467
641411,F018XC201CA,464460
641411,R018XC999CA,2370795
635716,F022AI201CA,462468
641414,F018XC201CA,464461
641417,F018XC201CA,464462
641417,F018XC201CA,2370796
635720,R018XI999CA,462469
627732,R018XA999CA,460138
627733,R018XA999CA,460139
635721,F022AI202CA,462470
627896,R018XI999CA,460256
627899,R018XI999CA,460257
635340,R018XI999CA,462292
635723,F022AI202CA,462471
635345,R018XI999CA,462293
635725,F022AI202CA,462472
635350,R018XI999CA,462294
635727,F022AI201CA,462473
627736,R018XA999CA,460142
627737,R018XA999CA,460143
627738,R018XA999CA,460144
635729,R018XI999CA,462474
641420,R018XC999CA,464463
635731,R018XI111CA,462475
635361,F018XI201CA,462297
627739,F018XA202CA,460145
629955,F018XA202CA,460933
635365,F018XI201CA,462298
627740,F018XA202CA,460146
629956,F018XA202CA,460934
635737,R018XI999CA,462478
635368,F018XI201CA,462299
635744,R018XI999CA,462481
640882,R018XC107CA,464261
635745,R018XI999CA,462482
635747,R018XI999CA,462483
2206341,R018XA999CA,2766101
637808,R018XI999CA,463302
637812,R018XI999CA,463303
638168,R018XY999CA,463517
2206341,R018XA999CA,2766100
637816,F018XI205CA,463304
627745,R018XA999CA,460151
635748,F022AI201CA,462484
627747,R018XA999CA,460152
629962,R018XA103CA,460940
629964,R018XA103CA,460941
629966,R018XA999CA,460942
629968,R018XA999CA,460943
638173,R018XC999CA,463522
627750,R018XA102CA,460155
627751,R018XA102CA,460156
629970,R018XA999CA,460944
638174,F018XC201CA,463523
629972,R018XA999CA,460945
641441,R018XC999CA,464473
640882,F018XC999CA,2370786
637768,R018XC999CA,463294
641216,R018XC103CA,464389
641219,R018XC103CA,464390
638177,F018XC201CA,463525
637773,R018XC999CA,463295
641221,R018XC103CA,464391
641444,R018XC103CA,464474
629976,R018XA999CA,460947
629979,R018XA103CA,460948
641462,R018XC999CA,464479
641462,R018XC999CA,2370797
629981,R018XA103CA,460949
629984,R018XA103CA,460950
641448,R018XC103CA,464475
638183,R018XY999CA,463528
641468,F018XC201CA,464481
641468,F018XC201CA,1674962
641470,F018XC201CA,464482
629988,F018XA202CA,460951
641472,F018XC201CA,464483
641475,F018XC201CA,464484
641475,F018XC201CA,2370798
641477,F018XC201CA,464485
641479,F018XC201CA,464486
627903,F018XI205CA,460260
637461,R018XY999CA,463188
629990,R018XA999CA,460952
629991,R018XA999CA,460953
629992,R018XA102CA,460954
636082,R018XI999CA,462723
638199,R018XC999CA,463533
638200,R018XC999CA,463534
627904,F018XI205CA,460261
627906,R018XI999CA,460262
636083,R018XI999CA,462724
629993,R018XA999CA,460955
638201,R018XC999CA,463535
641493,R018XC999CA,464491
641495,R018XC999CA,464492
641498,R018XC999CA,464493
641500,R018XC999CA,464494
638203,R018XY999CA,463536
629994,R018XA102CA,460956
638204,R018XY999CA,463537
641502,R018XC999CA,464495
629995,R018XA102CA,460957
641504,F018XC201CA,464496
641506,F018XC201CA,464497
641506,F018XC201CA,1674963
641509,F018XC201CA,464498
641509,F018XC201CA,2370799
641512,F018XC201CA,464499
641512,R018XC999CA,1674964
641512,F018XC201CA,2370801
641515,F018XC201CA,464500
641519,F018XC201CA,464501
641519,F018XC201CA,2370802
641528,R018XY999CA,464504
638208,R018XY999CA,463540
641531,R018XY999CA,464505
641534,R018XY999CA,464506
641537,R018XY999CA,464507
641539,R018XY999CA,464508
641522,F018XC201CA,464502
641541,R018XY999CA,464509
641525,F018XC201CA,464503
638211,R018XY999CA,463542
641544,R018XY999CA,464510
641544,R018XY999CA,2370803
629999,R018XY999CA,460961
638212,R018XY999CA,463543
638212,R018XY999CA,1675006
2406351,R018XY999CA,460157
627753,R018XY999CA,460158
637778,R018XC999CA,463296
637783,R018XC999CA,463297
628566,R018XI999CA,460457
641598,R018XC105CA,464528
628570,F018XI205CA,460458
627754,R018XY999CA,460159
641455,R018XC103CA,464477
641458,R018XC103CA,464478
628570,F018XI205CA,640468
638336,R018XC105CA,463579
638342,R018XC105CA,463580
638573,R018XC105CA,463621
628574,R018XI999CA,460459
2406355,R018XY999CA,460962
638578,R018XC105CA,463622
638583,R018XC105CA,463623
638610,R018XC105CA,463628
628578,R018XI999CA,460460
628587,R018XI999CA,460462
628593,R018XI999CA,460463
2528831,F018XI200CA,2924739
640770,R018XC105CA,1674957
640778,R018XC105CA,1674958
641155,R018XC105CA,2370789
630003,R018XY999CA,460965
641466,R018XC103CA,464480
628570,R022AX999CA,1408126
637821,R018XI999CA,463306
628578,R018XI999CA,767855
627756,R018XA999CA,460161
638220,R018XC999CA,463550
638222,R018XC999CA,463551
627758,R018XA999CA,460162
627760,R018XA999CA,460163
637473,R018XI163CA,463199
637475,R018XI163CA,463200
637477,R018XI163CA,463201
637479,R018XI163CA,463202
627762,R018XA999CA,460164
630005,R018XA999CA,460967
637481,R018XI999CA,463203
641616,F018XC201CA,464535
641616,F018XC201CA,2370804
637483,R018XI999CA,463205
637484,R018XI999CA,463206
636095,F018XI200CA,462733
641619,F018XC201CA,464536
637485,R018XI999CA,463207
635379,R018XI999CA,462303
641622,F018XC201CA,464537
636097,R018XI163CA,462734
641625,F018XC201CA,464538
636099,F018XI200CA,462735
637487,R018XI999CA,463209
637488,R018XI999CA,463210
637489,R018XI999CA,463211
637490,R018XI999CA,463212
638224,R018XC999CA,463552
636100,R018XI999CA,462736
637491,R018XI999CA,463213
636101,R018XI999CA,462737
637493,R018XC999CA,463214
636103,R018XI999CA,462739
636104,R018XI999CA,462740
637495,R018XI999CA,463215
638230,R018XC999CA,463555
630010,R018XA999CA,460970
637496,R018XI999CA,463216
637498,R018XI999CA,463218
636108,R018XI999CA,462743
638234,R018XC999CA,463557
638235,R018XC999CA,463557
638237,R018XC999CA,463558
641628,F018XC201CA,464539
637499,R018XI999CA,463219
636112,R018XI999CA,462745
637500,R018XI999CA,463220
638240,R018XC999CA,463559
636113,R018XI999CA,462746
638245,R018XY999CA,463561
636114,R018XI999CA,462747
637502,R018XI999CA,463222
637503,R018XI999CA,463223
637504,R018XI999CA,463224
2406285,R018XY999CA,2659392
637506,R018XI999CA,463226
641635,R017XD999CA,464542
641638,R017XD999CA,464543
636115,R018XI163CA,462748
641641,R017XD999CA,464544
641644,R017XD999CA,464545
641647,R017XD999CA,464546
641650,R017XD999CA,464547
636117,R018XI163CA,462749
630026,R018XA999CA,460982
638251,R018XC999CA,463564
630027,R018XA999CA,460983
630028,R018XA999CA,460984
639506,R022AO999CA,463867
639510,R022AO999CA,463868
648746,R018XE103CA,467418
648529,R018XE101CA,467393
639329,R018XE101CA,463822
639341,R018XE101CA,463824
639488,R018XE101CA,463863
639491,R018XE101CA,463864
648608,R018XE103CA,2371519
648491,R018XE104CA,2218132
638274,R018XE104CA,463568
648205,R018XE103CA,467359
648205,R018XE103CA,2218095
639399,R018XE103CA,463840
648175,R018XE103CA,2371021
648489,R018XE104CA,2218132
648490,R018XE104CA,2218132
648246,R018XE104CA,467363
648194,R018XE999CA,467358
648152,R018XE103CA,467354
639495,R018XE101CA,463865
639501,R018XE101CA,463866
648480,R018XE104CA,467388
648233,R022AO999CA,467362
648509,R018XE104CA,467391
659110,R018XE104CA,467470
648575,F018XE201CA,467399
659118,R018XE104CA,467469
648519,R018XE104CA,467392
648316,R018XE104CA,467369
648466,R018XE104CA,467387
648186,R018XE104CA,467357
648489,R018XE104CA,467389
659174,R018XE104CA,467465
648173,R018XE104CA,467356
639283,R022AO999CA,463809
639286,R022AO999CA,463810
639296,R022AO999CA,463812
639523,R018XE999CA,463872
639526,R018XE999CA,463873
639543,R018XY999CA,463878
639546,R018XY999CA,463879
639550,R018XY999CA,463880
639552,R018XY999CA,463881
639557,R018XY999CA,463883
639560,R018XY999CA,463884
639563,R018XY999CA,463885
639591,R022AO999CA,463892
648450,R018XE104CA,2218105
639622,R018XE104CA,463897
639627,R018XE104CA,463898
639632,R018XE104CA,463899
639637,R018XE104CA,463900
639641,R018XE104CA,463901
639645,R018XE104CA,463902
648316,R018XE104CA,2218101
648233,R022AO999CA,2218097
1273050,F018XE201CA,581820
639412,R018XE999CA,463844
639415,R018XE999CA,463845
639419,R018XE999CA,463846
639422,R018XE999CA,463847
648466,R018XE104CA,2218106
642876,R022AO999CA,465153
648173,R018XE104CA,2218094
647869,R018XE104CA,2371011
647869,F018XE201CA,467312
648409,R022AO999CA,2371037
648206,R018XE104CA,2371022
648277,F018XE201CA,467366
648355,F018XE201CA,467373
648289,R022AO999CA,467367
639415,F018XE201CA,467446
648408,F018XE201CA,467380
648449,F018XE201CA,467385
648457,F018XE201CA,467386
648393,F018XE201CA,467378
639275,R022AO999CA,463806
639277,R022AO999CA,463807
648316,R018XE104CA,2371029
648466,R018XE104CA,2371041
648173,R018XE104CA,2371021
639291,F018XE201CA,463811
648246,F018XE201CA,2218098
639594,R022AO999CA,463893
648289,R022AO999CA,2218099
639608,R022AO999CA,463895
648355,F018XE201CA,2371031
648401,R022AO999CA,467379
648401,R022AO999CA,2218104
639601,R022AO999CA,463894
639615,R022AO999CA,463896
,,
Ecosite call updated will differ from AJP entry in the project table but not the NASIS component tables,,
entered by AJP in NASIS component tables ~ March 2017,,
LEGEND,,
MLRA 22A ecosite will likely need to be revisited next year,,
